month,primary_type,incidents,year,month_num
2021-01-01,All Types,16306,2021,1
2021-01-01,Arson,39,2021,1
2021-01-01,Assault,1339,2021,1
2021-01-01,Battery,2780,2021,1
2021-01-01,Burglary,486,2021,1
2021-01-01,Concealed Carry License Violation,11,2021,1
2021-01-01,Criminal Damage,1727,2021,1
2021-01-01,Criminal Sexual Assault,94,2021,1
2021-01-01,Criminal Trespass,254,2021,1
2021-01-01,Deceptive Practice,2663,2021,1
2021-01-01,Homicide,56,2021,1
2021-01-01,Human Trafficking,3,2021,1
2021-01-01,Interference With Public Officer,34,2021,1
2021-01-01,Intimidation,9,2021,1
2021-01-01,Kidnapping,3,2021,1
2021-01-01,Liquor Law Violation,5,2021,1
2021-01-01,Motor Vehicle Theft,801,2021,1
2021-01-01,Narcotics,509,2021,1
2021-01-01,Obscenity,9,2021,1
2021-01-01,Offense Involving Children,184,2021,1
2021-01-01,Other Offense,1036,2021,1
2021-01-01,Prostitution,4,2021,1
2021-01-01,Public Indecency,1,2021,1
2021-01-01,Public Peace Violation,46,2021,1
2021-01-01,Robbery,728,2021,1
2021-01-01,Sex Offense,82,2021,1
2021-01-01,Stalking,27,2021,1
2021-01-01,Theft,2670,2021,1
2021-01-01,Weapons Violation,706,2021,1
2021-02-01,All Types,13156,2021,2
2021-02-01,Arson,23,2021,2
2021-02-01,Assault,1284,2021,2
2021-02-01,Battery,2438,2021,2
2021-02-01,Burglary,352,2021,2
2021-02-01,Concealed Carry License Violation,15,2021,2
2021-02-01,Criminal Damage,1457,2021,2
2021-02-01,Criminal Sexual Assault,96,2021,2
2021-02-01,Criminal Trespass,214,2021,2
2021-02-01,Deceptive Practice,1675,2021,2
2021-02-01,Homicide,39,2021,2
2021-02-01,Human Trafficking,1,2021,2
2021-02-01,Interference With Public Officer,20,2021,2
2021-02-01,Intimidation,4,2021,2
2021-02-01,Kidnapping,6,2021,2
2021-02-01,Liquor Law Violation,18,2021,2
2021-02-01,Motor Vehicle Theft,630,2021,2
2021-02-01,Narcotics,608,2021,2
2021-02-01,Non-Criminal,1,2021,2
2021-02-01,Obscenity,6,2021,2
2021-02-01,Offense Involving Children,121,2021,2
2021-02-01,Other Offense,956,2021,2
2021-02-01,Prostitution,7,2021,2
2021-02-01,Public Indecency,1,2021,2
2021-02-01,Public Peace Violation,27,2021,2
2021-02-01,Robbery,479,2021,2
2021-02-01,Sex Offense,69,2021,2
2021-02-01,Stalking,18,2021,2
2021-02-01,Theft,2125,2021,2
2021-02-01,Weapons Violation,466,2021,2
2021-03-01,All Types,16211,2021,3
2021-03-01,Arson,49,2021,3
2021-03-01,Assault,1451,2021,3
2021-03-01,Battery,3103,2021,3
2021-03-01,Burglary,394,2021,3
2021-03-01,Concealed Carry License Violation,14,2021,3
2021-03-01,Criminal Damage,1896,2021,3
2021-03-01,Criminal Sexual Assault,133,2021,3
2021-03-01,Criminal Trespass,279,2021,3
2021-03-01,Deceptive Practice,1712,2021,3
2021-03-01,Gambling,1,2021,3
2021-03-01,Homicide,45,2021,3
2021-03-01,Interference With Public Officer,33,2021,3
2021-03-01,Intimidation,12,2021,3
2021-03-01,Kidnapping,10,2021,3
2021-03-01,Liquor Law Violation,10,2021,3
2021-03-01,Motor Vehicle Theft,787,2021,3
2021-03-01,Narcotics,816,2021,3
2021-03-01,Obscenity,8,2021,3
2021-03-01,Offense Involving Children,149,2021,3
2021-03-01,Other Narcotic Violation,1,2021,3
2021-03-01,Other Offense,1167,2021,3
2021-03-01,Prostitution,6,2021,3
2021-03-01,Public Peace Violation,46,2021,3
2021-03-01,Robbery,482,2021,3
2021-03-01,Sex Offense,83,2021,3
2021-03-01,Stalking,23,2021,3
2021-03-01,Theft,2740,2021,3
2021-03-01,Weapons Violation,761,2021,3
2021-04-01,All Types,15706,2021,4
2021-04-01,Arson,41,2021,4
2021-04-01,Assault,1602,2021,4
2021-04-01,Battery,3080,2021,4
2021-04-01,Burglary,416,2021,4
2021-04-01,Concealed Carry License Violation,15,2021,4
2021-04-01,Criminal Damage,1948,2021,4
2021-04-01,Criminal Sexual Assault,114,2021,4
2021-04-01,Criminal Trespass,271,2021,4
2021-04-01,Deceptive Practice,1326,2021,4
2021-04-01,Gambling,2,2021,4
2021-04-01,Homicide,55,2021,4
2021-04-01,Interference With Public Officer,21,2021,4
2021-04-01,Intimidation,14,2021,4
2021-04-01,Kidnapping,8,2021,4
2021-04-01,Liquor Law Violation,8,2021,4
2021-04-01,Motor Vehicle Theft,713,2021,4
2021-04-01,Narcotics,502,2021,4
2021-04-01,Non-Criminal,1,2021,4
2021-04-01,Obscenity,1,2021,4
2021-04-01,Offense Involving Children,171,2021,4
2021-04-01,Other Offense,1194,2021,4
2021-04-01,Public Peace Violation,46,2021,4
2021-04-01,Robbery,466,2021,4
2021-04-01,Sex Offense,76,2021,4
2021-04-01,Stalking,34,2021,4
2021-04-01,Theft,2802,2021,4
2021-04-01,Weapons Violation,779,2021,4
2021-05-01,All Types,17884,2021,5
2021-05-01,Arson,49,2021,5
2021-05-01,Assault,1800,2021,5
2021-05-01,Battery,3678,2021,5
2021-05-01,Burglary,472,2021,5
2021-05-01,Concealed Carry License Violation,12,2021,5
2021-05-01,Criminal Damage,2288,2021,5
2021-05-01,Criminal Sexual Assault,133,2021,5
2021-05-01,Criminal Trespass,272,2021,5
2021-05-01,Deceptive Practice,1326,2021,5
2021-05-01,Gambling,1,2021,5
2021-05-01,Homicide,66,2021,5
2021-05-01,Human Trafficking,3,2021,5
2021-05-01,Interference With Public Officer,26,2021,5
2021-05-01,Intimidation,16,2021,5
2021-05-01,Kidnapping,9,2021,5
2021-05-01,Liquor Law Violation,17,2021,5
2021-05-01,Motor Vehicle Theft,748,2021,5
2021-05-01,Narcotics,568,2021,5
2021-05-01,Non-Criminal,1,2021,5
2021-05-01,Obscenity,2,2021,5
2021-05-01,Offense Involving Children,207,2021,5
2021-05-01,Other Narcotic Violation,1,2021,5
2021-05-01,Other Offense,1349,2021,5
2021-05-01,Prostitution,11,2021,5
2021-05-01,Public Indecency,1,2021,5
2021-05-01,Public Peace Violation,47,2021,5
2021-05-01,Robbery,506,2021,5
2021-05-01,Sex Offense,100,2021,5
2021-05-01,Stalking,38,2021,5
2021-05-01,Theft,3272,2021,5
2021-05-01,Weapons Violation,865,2021,5
2021-06-01,All Types,18898,2021,6
2021-06-01,Arson,50,2021,6
2021-06-01,Assault,1905,2021,6
2021-06-01,Battery,3849,2021,6
2021-06-01,Burglary,509,2021,6
2021-06-01,Concealed Carry License Violation,18,2021,6
2021-06-01,Criminal Damage,2316,2021,6
2021-06-01,Criminal Sexual Assault,150,2021,6
2021-06-01,Criminal Trespass,279,2021,6
2021-06-01,Deceptive Practice,1538,2021,6
2021-06-01,Gambling,3,2021,6
2021-06-01,Homicide,85,2021,6
2021-06-01,Interference With Public Officer,28,2021,6
2021-06-01,Intimidation,10,2021,6
2021-06-01,Kidnapping,8,2021,6
2021-06-01,Liquor Law Violation,17,2021,6
2021-06-01,Motor Vehicle Theft,834,2021,6
2021-06-01,Narcotics,481,2021,6
2021-06-01,Obscenity,7,2021,6
2021-06-01,Offense Involving Children,177,2021,6
2021-06-01,Other Offense,1420,2021,6
2021-06-01,Prostitution,9,2021,6
2021-06-01,Public Peace Violation,65,2021,6
2021-06-01,Robbery,601,2021,6
2021-06-01,Sex Offense,97,2021,6
2021-06-01,Stalking,30,2021,6
2021-06-01,Theft,3504,2021,6
2021-06-01,Weapons Violation,908,2021,6
2021-07-01,All Types,19307,2021,7
2021-07-01,Arson,51,2021,7
2021-07-01,Assault,1956,2021,7
2021-07-01,Battery,3888,2021,7
2021-07-01,Burglary,556,2021,7
2021-07-01,Concealed Carry License Violation,16,2021,7
2021-07-01,Criminal Damage,2490,2021,7
2021-07-01,Criminal Sexual Assault,150,2021,7
2021-07-01,Criminal Trespass,308,2021,7
2021-07-01,Deceptive Practice,1349,2021,7
2021-07-01,Gambling,1,2021,7
2021-07-01,Homicide,112,2021,7
2021-07-01,Interference With Public Officer,26,2021,7
2021-07-01,Intimidation,9,2021,7
2021-07-01,Kidnapping,5,2021,7
2021-07-01,Liquor Law Violation,10,2021,7
2021-07-01,Motor Vehicle Theft,839,2021,7
2021-07-01,Narcotics,399,2021,7
2021-07-01,Obscenity,7,2021,7
2021-07-01,Offense Involving Children,174,2021,7
2021-07-01,Other Offense,1220,2021,7
2021-07-01,Prostitution,12,2021,7
2021-07-01,Public Peace Violation,70,2021,7
2021-07-01,Robbery,712,2021,7
2021-07-01,Sex Offense,109,2021,7
2021-07-01,Stalking,41,2021,7
2021-07-01,Theft,3965,2021,7
2021-07-01,Weapons Violation,832,2021,7
2021-08-01,All Types,18635,2021,8
2021-08-01,Arson,48,2021,8
2021-08-01,Assault,1872,2021,8
2021-08-01,Battery,3808,2021,8
2021-08-01,Burglary,599,2021,8
2021-08-01,Concealed Carry License Violation,16,2021,8
2021-08-01,Criminal Damage,2323,2021,8
2021-08-01,Criminal Sexual Assault,147,2021,8
2021-08-01,Criminal Trespass,283,2021,8
2021-08-01,Deceptive Practice,1342,2021,8
2021-08-01,Homicide,83,2021,8
2021-08-01,Interference With Public Officer,24,2021,8
2021-08-01,Intimidation,9,2021,8
2021-08-01,Kidnapping,9,2021,8
2021-08-01,Liquor Law Violation,9,2021,8
2021-08-01,Motor Vehicle Theft,911,2021,8
2021-08-01,Narcotics,357,2021,8
2021-08-01,Obscenity,2,2021,8
2021-08-01,Offense Involving Children,147,2021,8
2021-08-01,Other Offense,1136,2021,8
2021-08-01,Prostitution,1,2021,8
2021-08-01,Public Peace Violation,35,2021,8
2021-08-01,Robbery,655,2021,8
2021-08-01,Sex Offense,103,2021,8
2021-08-01,Stalking,29,2021,8
2021-08-01,Theft,3891,2021,8
2021-08-01,Weapons Violation,796,2021,8
2021-09-01,All Types,19299,2021,9
2021-09-01,Arson,46,2021,9
2021-09-01,Assault,2039,2021,9
2021-09-01,Battery,3830,2021,9
2021-09-01,Burglary,668,2021,9
2021-09-01,Concealed Carry License Violation,21,2021,9
2021-09-01,Criminal Damage,2298,2021,9
2021-09-01,Criminal Sexual Assault,126,2021,9
2021-09-01,Criminal Trespass,338,2021,9
2021-09-01,Deceptive Practice,1334,2021,9
2021-09-01,Gambling,1,2021,9
2021-09-01,Homicide,92,2021,9
2021-09-01,Human Trafficking,3,2021,9
2021-09-01,Interference With Public Officer,28,2021,9
2021-09-01,Intimidation,9,2021,9
2021-09-01,Kidnapping,7,2021,9
2021-09-01,Liquor Law Violation,25,2021,9
2021-09-01,Motor Vehicle Theft,1016,2021,9
2021-09-01,Narcotics,291,2021,9
2021-09-01,Obscenity,3,2021,9
2021-09-01,Offense Involving Children,166,2021,9
2021-09-01,Other Offense,1192,2021,9
2021-09-01,Prostitution,22,2021,9
2021-09-01,Public Peace Violation,76,2021,9
2021-09-01,Robbery,773,2021,9
2021-09-01,Sex Offense,108,2021,9
2021-09-01,Stalking,25,2021,9
2021-09-01,Theft,3953,2021,9
2021-09-01,Weapons Violation,809,2021,9
2021-10-01,All Types,19420,2021,10
2021-10-01,Arson,44,2021,10
2021-10-01,Assault,1873,2021,10
2021-10-01,Battery,3758,2021,10
2021-10-01,Burglary,757,2021,10
2021-10-01,Concealed Carry License Violation,20,2021,10
2021-10-01,Criminal Damage,2246,2021,10
2021-10-01,Criminal Sexual Assault,140,2021,10
2021-10-01,Criminal Trespass,327,2021,10
2021-10-01,Deceptive Practice,1282,2021,10
2021-10-01,Gambling,3,2021,10
2021-10-01,Homicide,64,2021,10
2021-10-01,Interference With Public Officer,23,2021,10
2021-10-01,Intimidation,13,2021,10
2021-10-01,Kidnapping,6,2021,10
2021-10-01,Liquor Law Violation,20,2021,10
2021-10-01,Motor Vehicle Theft,1162,2021,10
2021-10-01,Narcotics,326,2021,10
2021-10-01,Obscenity,1,2021,10
2021-10-01,Offense Involving Children,149,2021,10
2021-10-01,Other Offense,1191,2021,10
2021-10-01,Public Peace Violation,56,2021,10
2021-10-01,Robbery,837,2021,10
2021-10-01,Sex Offense,113,2021,10
2021-10-01,Stalking,43,2021,10
2021-10-01,Theft,4227,2021,10
2021-10-01,Weapons Violation,739,2021,10
2021-11-01,All Types,17487,2021,11
2021-11-01,Arson,43,2021,11
2021-11-01,Assault,1629,2021,11
2021-11-01,Battery,3101,2021,11
2021-11-01,Burglary,734,2021,11
2021-11-01,Concealed Carry License Violation,12,2021,11
2021-11-01,Criminal Damage,2087,2021,11
2021-11-01,Criminal Sexual Assault,128,2021,11
2021-11-01,Criminal Trespass,303,2021,11
2021-11-01,Deceptive Practice,1201,2021,11
2021-11-01,Gambling,1,2021,11
2021-11-01,Homicide,62,2021,11
2021-11-01,Human Trafficking,1,2021,11
2021-11-01,Interference With Public Officer,24,2021,11
2021-11-01,Intimidation,5,2021,11
2021-11-01,Kidnapping,9,2021,11
2021-11-01,Liquor Law Violation,29,2021,11
2021-11-01,Motor Vehicle Theft,1067,2021,11
2021-11-01,Narcotics,305,2021,11
2021-11-01,Obscenity,2,2021,11
2021-11-01,Offense Involving Children,170,2021,11
2021-11-01,Other Offense,1073,2021,11
2021-11-01,Prostitution,1,2021,11
2021-11-01,Public Peace Violation,43,2021,11
2021-11-01,Robbery,781,2021,11
2021-11-01,Sex Offense,100,2021,11
2021-11-01,Stalking,34,2021,11
2021-11-01,Theft,3844,2021,11
2021-11-01,Weapons Violation,698,2021,11
2021-12-01,All Types,17385,2021,12
2021-12-01,Arson,47,2021,12
2021-12-01,Assault,1595,2021,12
2021-12-01,Battery,3172,2021,12
2021-12-01,Burglary,719,2021,12
2021-12-01,Concealed Carry License Violation,3,2021,12
2021-12-01,Criminal Damage,2019,2021,12
2021-12-01,Criminal Sexual Assault,130,2021,12
2021-12-01,Criminal Trespass,278,2021,12
2021-12-01,Deceptive Practice,1217,2021,12
2021-12-01,Homicide,54,2021,12
2021-12-01,Interference With Public Officer,27,2021,12
2021-12-01,Intimidation,14,2021,12
2021-12-01,Kidnapping,7,2021,12
2021-12-01,Liquor Law Violation,16,2021,12
2021-12-01,Motor Vehicle Theft,1097,2021,12
2021-12-01,Narcotics,257,2021,12
2021-12-01,Non-Criminal,1,2021,12
2021-12-01,Obscenity,3,2021,12
2021-12-01,Offense Involving Children,167,2021,12
2021-12-01,Other Offense,1028,2021,12
2021-12-01,Prostitution,22,2021,12
2021-12-01,Public Indecency,1,2021,12
2021-12-01,Public Peace Violation,46,2021,12
2021-12-01,Robbery,901,2021,12
2021-12-01,Sex Offense,85,2021,12
2021-12-01,Stalking,28,2021,12
2021-12-01,Theft,3831,2021,12
2021-12-01,Weapons Violation,620,2021,12
2022-01-01,All Types,15771,2022,1
2022-01-01,Arson,26,2022,1
2022-01-01,Assault,1324,2022,1
2022-01-01,Battery,2849,2022,1
2022-01-01,Burglary,579,2022,1
2022-01-01,Concealed Carry License Violation,12,2022,1
2022-01-01,Criminal Damage,1688,2022,1
2022-01-01,Criminal Sexual Assault,117,2022,1
2022-01-01,Criminal Trespass,264,2022,1
2022-01-01,Deceptive Practice,1378,2022,1
2022-01-01,Homicide,55,2022,1
2022-01-01,Human Trafficking,2,2022,1
2022-01-01,Interference With Public Officer,20,2022,1
2022-01-01,Intimidation,14,2022,1
2022-01-01,Kidnapping,7,2022,1
2022-01-01,Liquor Law Violation,5,2022,1
2022-01-01,Motor Vehicle Theft,1108,2022,1
2022-01-01,Narcotics,271,2022,1
2022-01-01,Obscenity,3,2022,1
2022-01-01,Offense Involving Children,168,2022,1
2022-01-01,Other Offense,1078,2022,1
2022-01-01,Prostitution,22,2022,1
2022-01-01,Public Peace Violation,25,2022,1
2022-01-01,Robbery,686,2022,1
2022-01-01,Sex Offense,97,2022,1
2022-01-01,Stalking,30,2022,1
2022-01-01,Theft,3394,2022,1
2022-01-01,Weapons Violation,549,2022,1
2022-02-01,All Types,15294,2022,2
2022-02-01,Arson,26,2022,2
2022-02-01,Assault,1393,2022,2
2022-02-01,Battery,2760,2022,2
2022-02-01,Burglary,510,2022,2
2022-02-01,Concealed Carry License Violation,14,2022,2
2022-02-01,Criminal Damage,1554,2022,2
2022-02-01,Criminal Sexual Assault,125,2022,2
2022-02-01,Criminal Trespass,291,2022,2
2022-02-01,Deceptive Practice,1101,2022,2
2022-02-01,Homicide,45,2022,2
2022-02-01,Human Trafficking,2,2022,2
2022-02-01,Interference With Public Officer,40,2022,2
2022-02-01,Intimidation,6,2022,2
2022-02-01,Kidnapping,5,2022,2
2022-02-01,Liquor Law Violation,4,2022,2
2022-02-01,Motor Vehicle Theft,963,2022,2
2022-02-01,Narcotics,471,2022,2
2022-02-01,Offense Involving Children,157,2022,2
2022-02-01,Other Narcotic Violation,1,2022,2
2022-02-01,Other Offense,1110,2022,2
2022-02-01,Prostitution,41,2022,2
2022-02-01,Public Peace Violation,47,2022,2
2022-02-01,Robbery,616,2022,2
2022-02-01,Sex Offense,76,2022,2
2022-02-01,Stalking,27,2022,2
2022-02-01,Theft,3331,2022,2
2022-02-01,Weapons Violation,578,2022,2
2022-03-01,All Types,18444,2022,3
2022-03-01,Arson,23,2022,3
2022-03-01,Assault,1628,2022,3
2022-03-01,Battery,3356,2022,3
2022-03-01,Burglary,578,2022,3
2022-03-01,Concealed Carry License Violation,18,2022,3
2022-03-01,Criminal Damage,1990,2022,3
2022-03-01,Criminal Sexual Assault,121,2022,3
2022-03-01,Criminal Trespass,363,2022,3
2022-03-01,Deceptive Practice,1446,2022,3
2022-03-01,Gambling,1,2022,3
2022-03-01,Homicide,39,2022,3
2022-03-01,Human Trafficking,1,2022,3
2022-03-01,Interference With Public Officer,25,2022,3
2022-03-01,Intimidation,18,2022,3
2022-03-01,Kidnapping,8,2022,3
2022-03-01,Liquor Law Violation,21,2022,3
2022-03-01,Motor Vehicle Theft,1076,2022,3
2022-03-01,Narcotics,509,2022,3
2022-03-01,Obscenity,6,2022,3
2022-03-01,Offense Involving Children,159,2022,3
2022-03-01,Other Offense,1383,2022,3
2022-03-01,Prostitution,1,2022,3
2022-03-01,Public Peace Violation,55,2022,3
2022-03-01,Robbery,590,2022,3
2022-03-01,Sex Offense,123,2022,3
2022-03-01,Stalking,34,2022,3
2022-03-01,Theft,4170,2022,3
2022-03-01,Weapons Violation,702,2022,3
2022-04-01,All Types,18084,2022,4
2022-04-01,Arson,33,2022,4
2022-04-01,Assault,1560,2022,4
2022-04-01,Battery,3373,2022,4
2022-04-01,Burglary,561,2022,4
2022-04-01,Concealed Carry License Violation,14,2022,4
2022-04-01,Criminal Damage,2033,2022,4
2022-04-01,Criminal Sexual Assault,130,2022,4
2022-04-01,Criminal Trespass,355,2022,4
2022-04-01,Deceptive Practice,1399,2022,4
2022-04-01,Homicide,54,2022,4
2022-04-01,Interference With Public Officer,27,2022,4
2022-04-01,Intimidation,11,2022,4
2022-04-01,Kidnapping,5,2022,4
2022-04-01,Liquor Law Violation,15,2022,4
2022-04-01,Motor Vehicle Theft,1001,2022,4
2022-04-01,Narcotics,478,2022,4
2022-04-01,Non-Criminal,2,2022,4
2022-04-01,Obscenity,4,2022,4
2022-04-01,Offense Involving Children,161,2022,4
2022-04-01,Other Offense,1356,2022,4
2022-04-01,Prostitution,35,2022,4
2022-04-01,Public Peace Violation,68,2022,4
2022-04-01,Robbery,601,2022,4
2022-04-01,Sex Offense,93,2022,4
2022-04-01,Stalking,35,2022,4
2022-04-01,Theft,3932,2022,4
2022-04-01,Weapons Violation,748,2022,4
2022-05-01,All Types,20229,2022,5
2022-05-01,Arson,44,2022,5
2022-05-01,Assault,1979,2022,5
2022-05-01,Battery,3935,2022,5
2022-05-01,Burglary,605,2022,5
2022-05-01,Concealed Carry License Violation,19,2022,5
2022-05-01,Criminal Damage,2192,2022,5
2022-05-01,Criminal Sexual Assault,151,2022,5
2022-05-01,Criminal Trespass,389,2022,5
2022-05-01,Deceptive Practice,1358,2022,5
2022-05-01,Gambling,3,2022,5
2022-05-01,Homicide,66,2022,5
2022-05-01,Human Trafficking,2,2022,5
2022-05-01,Interference With Public Officer,40,2022,5
2022-05-01,Intimidation,10,2022,5
2022-05-01,Kidnapping,11,2022,5
2022-05-01,Liquor Law Violation,25,2022,5
2022-05-01,Motor Vehicle Theft,1034,2022,5
2022-05-01,Narcotics,411,2022,5
2022-05-01,Offense Involving Children,192,2022,5
2022-05-01,Other Offense,1368,2022,5
2022-05-01,Prostitution,39,2022,5
2022-05-01,Public Indecency,1,2022,5
2022-05-01,Public Peace Violation,79,2022,5
2022-05-01,Robbery,669,2022,5
2022-05-01,Sex Offense,112,2022,5
2022-05-01,Stalking,38,2022,5
2022-05-01,Theft,4501,2022,5
2022-05-01,Weapons Violation,956,2022,5
2022-06-01,All Types,20870,2022,6
2022-06-01,Arson,37,2022,6
2022-06-01,Assault,2012,2022,6
2022-06-01,Battery,3848,2022,6
2022-06-01,Burglary,674,2022,6
2022-06-01,Concealed Carry License Violation,16,2022,6
2022-06-01,Criminal Damage,2328,2022,6
2022-06-01,Criminal Sexual Assault,147,2022,6
2022-06-01,Criminal Trespass,365,2022,6
2022-06-01,Deceptive Practice,1404,2022,6
2022-06-01,Gambling,1,2022,6
2022-06-01,Homicide,73,2022,6
2022-06-01,Human Trafficking,2,2022,6
2022-06-01,Interference With Public Officer,45,2022,6
2022-06-01,Intimidation,11,2022,6
2022-06-01,Kidnapping,10,2022,6
2022-06-01,Liquor Law Violation,33,2022,6
2022-06-01,Motor Vehicle Theft,1138,2022,6
2022-06-01,Narcotics,389,2022,6
2022-06-01,Obscenity,4,2022,6
2022-06-01,Offense Involving Children,136,2022,6
2022-06-01,Other Offense,1319,2022,6
2022-06-01,Prostitution,9,2022,6
2022-06-01,Public Indecency,1,2022,6
2022-06-01,Public Peace Violation,84,2022,6
2022-06-01,Robbery,732,2022,6
2022-06-01,Sex Offense,98,2022,6
2022-06-01,Stalking,38,2022,6
2022-06-01,Theft,5051,2022,6
2022-06-01,Weapons Violation,865,2022,6
2022-07-01,All Types,22358,2022,7
2022-07-01,Arson,39,2022,7
2022-07-01,Assault,1965,2022,7
2022-07-01,Battery,3754,2022,7
2022-07-01,Burglary,700,2022,7
2022-07-01,Concealed Carry License Violation,16,2022,7
2022-07-01,Criminal Damage,2568,2022,7
2022-07-01,Criminal Sexual Assault,157,2022,7
2022-07-01,Criminal Trespass,382,2022,7
2022-07-01,Deceptive Practice,1359,2022,7
2022-07-01,Gambling,2,2022,7
2022-07-01,Homicide,69,2022,7
2022-07-01,Interference With Public Officer,41,2022,7
2022-07-01,Intimidation,16,2022,7
2022-07-01,Kidnapping,15,2022,7
2022-07-01,Liquor Law Violation,22,2022,7
2022-07-01,Motor Vehicle Theft,1766,2022,7
2022-07-01,Narcotics,371,2022,7
2022-07-01,Obscenity,3,2022,7
2022-07-01,Offense Involving Children,185,2022,7
2022-07-01,Other Narcotic Violation,1,2022,7
2022-07-01,Other Offense,1315,2022,7
2022-07-01,Prostitution,8,2022,7
2022-07-01,Public Peace Violation,66,2022,7
2022-07-01,Robbery,764,2022,7
2022-07-01,Sex Offense,109,2022,7
2022-07-01,Stalking,36,2022,7
2022-07-01,Theft,5737,2022,7
2022-07-01,Weapons Violation,892,2022,7
2022-08-01,All Types,22404,2022,8
2022-08-01,Arson,40,2022,8
2022-08-01,Assault,1985,2022,8
2022-08-01,Battery,3748,2022,8
2022-08-01,Burglary,672,2022,8
2022-08-01,Concealed Carry License Violation,15,2022,8
2022-08-01,Criminal Damage,2714,2022,8
2022-08-01,Criminal Sexual Assault,148,2022,8
2022-08-01,Criminal Trespass,392,2022,8
2022-08-01,Deceptive Practice,1496,2022,8
2022-08-01,Gambling,2,2022,8
2022-08-01,Homicide,71,2022,8
2022-08-01,Human Trafficking,1,2022,8
2022-08-01,Interference With Public Officer,33,2022,8
2022-08-01,Intimidation,15,2022,8
2022-08-01,Kidnapping,10,2022,8
2022-08-01,Liquor Law Violation,7,2022,8
2022-08-01,Motor Vehicle Theft,2115,2022,8
2022-08-01,Narcotics,422,2022,8
2022-08-01,Obscenity,7,2022,8
2022-08-01,Offense Involving Children,193,2022,8
2022-08-01,Other Narcotic Violation,1,2022,8
2022-08-01,Other Offense,1217,2022,8
2022-08-01,Prostitution,23,2022,8
2022-08-01,Public Indecency,1,2022,8
2022-08-01,Public Peace Violation,56,2022,8
2022-08-01,Robbery,752,2022,8
2022-08-01,Sex Offense,132,2022,8
2022-08-01,Stalking,48,2022,8
2022-08-01,Theft,5256,2022,8
2022-08-01,Weapons Violation,832,2022,8
2022-09-01,All Types,22435,2022,9
2022-09-01,Arson,49,2022,9
2022-09-01,Assault,1895,2022,9
2022-09-01,Battery,3732,2022,9
2022-09-01,Burglary,655,2022,9
2022-09-01,Concealed Carry License Violation,13,2022,9
2022-09-01,Criminal Damage,2620,2022,9
2022-09-01,Criminal Sexual Assault,138,2022,9
2022-09-01,Criminal Trespass,378,2022,9
2022-09-01,Deceptive Practice,1617,2022,9
2022-09-01,Homicide,77,2022,9
2022-09-01,Interference With Public Officer,38,2022,9
2022-09-01,Intimidation,19,2022,9
2022-09-01,Kidnapping,14,2022,9
2022-09-01,Liquor Law Violation,20,2022,9
2022-09-01,Motor Vehicle Theft,2412,2022,9
2022-09-01,Narcotics,382,2022,9
2022-09-01,Obscenity,6,2022,9
2022-09-01,Offense Involving Children,160,2022,9
2022-09-01,Other Narcotic Violation,2,2022,9
2022-09-01,Other Offense,1150,2022,9
2022-09-01,Prostitution,59,2022,9
2022-09-01,Public Indecency,1,2022,9
2022-09-01,Public Peace Violation,67,2022,9
2022-09-01,Robbery,868,2022,9
2022-09-01,Sex Offense,121,2022,9
2022-09-01,Stalking,34,2022,9
2022-09-01,Theft,5128,2022,9
2022-09-01,Weapons Violation,780,2022,9
2022-10-01,All Types,23291,2022,10
2022-10-01,Arson,41,2022,10
2022-10-01,Assault,1840,2022,10
2022-10-01,Battery,3508,2022,10
2022-10-01,Burglary,690,2022,10
2022-10-01,Concealed Carry License Violation,10,2022,10
2022-10-01,Criminal Damage,2835,2022,10
2022-10-01,Criminal Sexual Assault,166,2022,10
2022-10-01,Criminal Trespass,374,2022,10
2022-10-01,Deceptive Practice,1630,2022,10
2022-10-01,Homicide,66,2022,10
2022-10-01,Human Trafficking,2,2022,10
2022-10-01,Interference With Public Officer,37,2022,10
2022-10-01,Intimidation,24,2022,10
2022-10-01,Kidnapping,11,2022,10
2022-10-01,Liquor Law Violation,19,2022,10
2022-10-01,Motor Vehicle Theft,3186,2022,10
2022-10-01,Narcotics,362,2022,10
2022-10-01,Non-Criminal,2,2022,10
2022-10-01,Obscenity,8,2022,10
2022-10-01,Offense Involving Children,141,2022,10
2022-10-01,Other Offense,1172,2022,10
2022-10-01,Prostitution,26,2022,10
2022-10-01,Public Indecency,1,2022,10
2022-10-01,Public Peace Violation,72,2022,10
2022-10-01,Robbery,943,2022,10
2022-10-01,Sex Offense,94,2022,10
2022-10-01,Stalking,47,2022,10
2022-10-01,Theft,5249,2022,10
2022-10-01,Weapons Violation,735,2022,10
2022-11-01,All Types,20885,2022,11
2022-11-01,Arson,29,2022,11
2022-11-01,Assault,1661,2022,11
2022-11-01,Battery,3090,2022,11
2022-11-01,Burglary,675,2022,11
2022-11-01,Concealed Carry License Violation,18,2022,11
2022-11-01,Criminal Damage,2462,2022,11
2022-11-01,Criminal Sexual Assault,114,2022,11
2022-11-01,Criminal Trespass,330,2022,11
2022-11-01,Deceptive Practice,1480,2022,11
2022-11-01,Homicide,59,2022,11
2022-11-01,Interference With Public Officer,25,2022,11
2022-11-01,Intimidation,20,2022,11
2022-11-01,Kidnapping,12,2022,11
2022-11-01,Liquor Law Violation,23,2022,11
2022-11-01,Motor Vehicle Theft,2956,2022,11
2022-11-01,Narcotics,346,2022,11
2022-11-01,Obscenity,3,2022,11
2022-11-01,Offense Involving Children,128,2022,11
2022-11-01,Other Offense,1069,2022,11
2022-11-01,Prostitution,14,2022,11
2022-11-01,Public Peace Violation,46,2022,11
2022-11-01,Robbery,848,2022,11
2022-11-01,Sex Offense,100,2022,11
2022-11-01,Stalking,52,2022,11
2022-11-01,Theft,4726,2022,11
2022-11-01,Weapons Violation,599,2022,11
2022-12-01,All Types,20005,2022,12
2022-12-01,Arson,35,2022,12
2022-12-01,Assault,1573,2022,12
2022-12-01,Battery,3017,2022,12
2022-12-01,Burglary,696,2022,12
2022-12-01,Concealed Carry License Violation,12,2022,12
2022-12-01,Criminal Damage,2266,2022,12
2022-12-01,Criminal Sexual Assault,99,2022,12
2022-12-01,Criminal Trespass,340,2022,12
2022-12-01,Deceptive Practice,1512,2022,12
2022-12-01,Homicide,63,2022,12
2022-12-01,Interference With Public Officer,21,2022,12
2022-12-01,Intimidation,20,2022,12
2022-12-01,Kidnapping,10,2022,12
2022-12-01,Liquor Law Violation,9,2022,12
2022-12-01,Motor Vehicle Theft,2718,2022,12
2022-12-01,Narcotics,345,2022,12
2022-12-01,Non-Criminal,1,2022,12
2022-12-01,Obscenity,4,2022,12
2022-12-01,Offense Involving Children,129,2022,12
2022-12-01,Other Narcotic Violation,2,2022,12
2022-12-01,Other Offense,1089,2022,12
2022-12-01,Prostitution,6,2022,12
2022-12-01,Public Peace Violation,47,2022,12
2022-12-01,Robbery,897,2022,12
2022-12-01,Sex Offense,88,2022,12
2022-12-01,Stalking,36,2022,12
2022-12-01,Theft,4425,2022,12
2022-12-01,Weapons Violation,545,2022,12
2023-01-01,All Types,21341,2023,1
2023-01-01,Arson,46,2023,1
2023-01-01,Assault,1705,2023,1
2023-01-01,Battery,3190,2023,1
2023-01-01,Burglary,679,2023,1
2023-01-01,Concealed Carry License Violation,20,2023,1
2023-01-01,Criminal Damage,2393,2023,1
2023-01-01,Criminal Sexual Assault,143,2023,1
2023-01-01,Criminal Trespass,386,2023,1
2023-01-01,Deceptive Practice,1570,2023,1
2023-01-01,Gambling,1,2023,1
2023-01-01,Homicide,45,2023,1
2023-01-01,Human Trafficking,1,2023,1
2023-01-01,Interference With Public Officer,32,2023,1
2023-01-01,Intimidation,27,2023,1
2023-01-01,Kidnapping,12,2023,1
2023-01-01,Liquor Law Violation,17,2023,1
2023-01-01,Motor Vehicle Theft,2819,2023,1
2023-01-01,Narcotics,559,2023,1
2023-01-01,Obscenity,4,2023,1
2023-01-01,Offense Involving Children,190,2023,1
2023-01-01,Other Offense,1288,2023,1
2023-01-01,Prostitution,63,2023,1
2023-01-01,Public Peace Violation,54,2023,1
2023-01-01,Robbery,891,2023,1
2023-01-01,Sex Offense,101,2023,1
2023-01-01,Stalking,49,2023,1
2023-01-01,Theft,4313,2023,1
2023-01-01,Weapons Violation,743,2023,1
2023-02-01,All Types,18489,2023,2
2023-02-01,Arson,33,2023,2
2023-02-01,Assault,1492,2023,2
2023-02-01,Battery,3062,2023,2
2023-02-01,Burglary,543,2023,2
2023-02-01,Concealed Carry License Violation,14,2023,2
2023-02-01,Criminal Damage,1937,2023,2
2023-02-01,Criminal Sexual Assault,117,2023,2
2023-02-01,Criminal Trespass,383,2023,2
2023-02-01,Deceptive Practice,1438,2023,2
2023-02-01,Homicide,39,2023,2
2023-02-01,Interference With Public Officer,56,2023,2
2023-02-01,Intimidation,20,2023,2
2023-02-01,Kidnapping,5,2023,2
2023-02-01,Liquor Law Violation,11,2023,2
2023-02-01,Motor Vehicle Theft,2171,2023,2
2023-02-01,Narcotics,548,2023,2
2023-02-01,Obscenity,4,2023,2
2023-02-01,Offense Involving Children,144,2023,2
2023-02-01,Other Narcotic Violation,2,2023,2
2023-02-01,Other Offense,1207,2023,2
2023-02-01,Prostitution,15,2023,2
2023-02-01,Public Indecency,1,2023,2
2023-02-01,Public Peace Violation,62,2023,2
2023-02-01,Robbery,582,2023,2
2023-02-01,Sex Offense,94,2023,2
2023-02-01,Stalking,33,2023,2
2023-02-01,Theft,3830,2023,2
2023-02-01,Weapons Violation,646,2023,2
2023-03-01,All Types,20812,2023,3
2023-03-01,Arson,29,2023,3
2023-03-01,Assault,1762,2023,3
2023-03-01,Battery,3412,2023,3
2023-03-01,Burglary,570,2023,3
2023-03-01,Concealed Carry License Violation,17,2023,3
2023-03-01,Criminal Damage,2328,2023,3
2023-03-01,Criminal Sexual Assault,120,2023,3
2023-03-01,Criminal Trespass,441,2023,3
2023-03-01,Deceptive Practice,1608,2023,3
2023-03-01,Gambling,1,2023,3
2023-03-01,Homicide,38,2023,3
2023-03-01,Human Trafficking,2,2023,3
2023-03-01,Interference With Public Officer,61,2023,3
2023-03-01,Intimidation,30,2023,3
2023-03-01,Kidnapping,6,2023,3
2023-03-01,Liquor Law Violation,24,2023,3
2023-03-01,Motor Vehicle Theft,2326,2023,3
2023-03-01,Narcotics,475,2023,3
2023-03-01,Obscenity,4,2023,3
2023-03-01,Offense Involving Children,140,2023,3
2023-03-01,Other Offense,1411,2023,3
2023-03-01,Prostitution,7,2023,3
2023-03-01,Public Peace Violation,66,2023,3
2023-03-01,Robbery,686,2023,3
2023-03-01,Sex Offense,102,2023,3
2023-03-01,Stalking,39,2023,3
2023-03-01,Theft,4475,2023,3
2023-03-01,Weapons Violation,632,2023,3
2023-04-01,All Types,20812,2023,4
2023-04-01,Arson,37,2023,4
2023-04-01,Assault,1815,2023,4
2023-04-01,Battery,3616,2023,4
2023-04-01,Burglary,598,2023,4
2023-04-01,Concealed Carry License Violation,12,2023,4
2023-04-01,Criminal Damage,2442,2023,4
2023-04-01,Criminal Sexual Assault,120,2023,4
2023-04-01,Criminal Trespass,362,2023,4
2023-04-01,Deceptive Practice,1537,2023,4
2023-04-01,Homicide,59,2023,4
2023-04-01,Interference With Public Officer,51,2023,4
2023-04-01,Intimidation,21,2023,4
2023-04-01,Kidnapping,6,2023,4
2023-04-01,Liquor Law Violation,10,2023,4
2023-04-01,Motor Vehicle Theft,2295,2023,4
2023-04-01,Narcotics,375,2023,4
2023-04-01,Obscenity,3,2023,4
2023-04-01,Offense Involving Children,163,2023,4
2023-04-01,Other Offense,1239,2023,4
2023-04-01,Prostitution,5,2023,4
2023-04-01,Public Peace Violation,82,2023,4
2023-04-01,Robbery,752,2023,4
2023-04-01,Sex Offense,105,2023,4
2023-04-01,Stalking,42,2023,4
2023-04-01,Theft,4377,2023,4
2023-04-01,Weapons Violation,688,2023,4
2023-05-01,All Types,22290,2023,5
2023-05-01,Arson,56,2023,5
2023-05-01,Assault,2025,2023,5
2023-05-01,Battery,3965,2023,5
2023-05-01,Burglary,614,2023,5
2023-05-01,Concealed Carry License Violation,9,2023,5
2023-05-01,Criminal Damage,2590,2023,5
2023-05-01,Criminal Sexual Assault,156,2023,5
2023-05-01,Criminal Trespass,389,2023,5
2023-05-01,Deceptive Practice,1466,2023,5
2023-05-01,Homicide,66,2023,5
2023-05-01,Human Trafficking,1,2023,5
2023-05-01,Interference With Public Officer,45,2023,5
2023-05-01,Intimidation,22,2023,5
2023-05-01,Kidnapping,22,2023,5
2023-05-01,Liquor Law Violation,19,2023,5
2023-05-01,Motor Vehicle Theft,2437,2023,5
2023-05-01,Narcotics,385,2023,5
2023-05-01,Non-Criminal,1,2023,5
2023-05-01,Obscenity,4,2023,5
2023-05-01,Offense Involving Children,160,2023,5
2023-05-01,Other Offense,1262,2023,5
2023-05-01,Prostitution,5,2023,5
2023-05-01,Public Indecency,2,2023,5
2023-05-01,Public Peace Violation,83,2023,5
2023-05-01,Robbery,772,2023,5
2023-05-01,Sex Offense,129,2023,5
2023-05-01,Stalking,40,2023,5
2023-05-01,Theft,4746,2023,5
2023-05-01,Weapons Violation,819,2023,5
2023-06-01,All Types,22770,2023,6
2023-06-01,Arson,49,2023,6
2023-06-01,Assault,2035,2023,6
2023-06-01,Battery,3886,2023,6
2023-06-01,Burglary,602,2023,6
2023-06-01,Concealed Carry License Violation,19,2023,6
2023-06-01,Criminal Damage,2645,2023,6
2023-06-01,Criminal Sexual Assault,152,2023,6
2023-06-01,Criminal Trespass,364,2023,6
2023-06-01,Deceptive Practice,1448,2023,6
2023-06-01,Gambling,2,2023,6
2023-06-01,Homicide,73,2023,6
2023-06-01,Human Trafficking,1,2023,6
2023-06-01,Interference With Public Officer,42,2023,6
2023-06-01,Intimidation,20,2023,6
2023-06-01,Kidnapping,13,2023,6
2023-06-01,Liquor Law Violation,20,2023,6
2023-06-01,Motor Vehicle Theft,2564,2023,6
2023-06-01,Narcotics,418,2023,6
2023-06-01,Non-Criminal,1,2023,6
2023-06-01,Obscenity,2,2023,6
2023-06-01,Offense Involving Children,137,2023,6
2023-06-01,Other Offense,1366,2023,6
2023-06-01,Prostitution,27,2023,6
2023-06-01,Public Peace Violation,77,2023,6
2023-06-01,Robbery,783,2023,6
2023-06-01,Sex Offense,105,2023,6
2023-06-01,Stalking,36,2023,6
2023-06-01,Theft,5094,2023,6
2023-06-01,Weapons Violation,789,2023,6
2023-07-01,All Types,24064,2023,7
2023-07-01,Arson,45,2023,7
2023-07-01,Assault,2050,2023,7
2023-07-01,Battery,4223,2023,7
2023-07-01,Burglary,635,2023,7
2023-07-01,Concealed Carry License Violation,21,2023,7
2023-07-01,Criminal Damage,2966,2023,7
2023-07-01,Criminal Sexual Assault,169,2023,7
2023-07-01,Criminal Trespass,397,2023,7
2023-07-01,Deceptive Practice,1473,2023,7
2023-07-01,Gambling,2,2023,7
2023-07-01,Homicide,62,2023,7
2023-07-01,Interference With Public Officer,39,2023,7
2023-07-01,Intimidation,16,2023,7
2023-07-01,Kidnapping,17,2023,7
2023-07-01,Liquor Law Violation,14,2023,7
2023-07-01,Motor Vehicle Theft,2631,2023,7
2023-07-01,Narcotics,428,2023,7
2023-07-01,Obscenity,3,2023,7
2023-07-01,Offense Involving Children,136,2023,7
2023-07-01,Other Offense,1366,2023,7
2023-07-01,Prostitution,25,2023,7
2023-07-01,Public Peace Violation,64,2023,7
2023-07-01,Robbery,1008,2023,7
2023-07-01,Sex Offense,136,2023,7
2023-07-01,Stalking,62,2023,7
2023-07-01,Theft,5197,2023,7
2023-07-01,Weapons Violation,879,2023,7
2023-08-01,All Types,24238,2023,8
2023-08-01,Arson,34,2023,8
2023-08-01,Assault,2121,2023,8
2023-08-01,Battery,4061,2023,8
2023-08-01,Burglary,651,2023,8
2023-08-01,Concealed Carry License Violation,23,2023,8
2023-08-01,Criminal Damage,2763,2023,8
2023-08-01,Criminal Sexual Assault,160,2023,8
2023-08-01,Criminal Trespass,408,2023,8
2023-08-01,Deceptive Practice,1572,2023,8
2023-08-01,Gambling,1,2023,8
2023-08-01,Homicide,59,2023,8
2023-08-01,Human Trafficking,2,2023,8
2023-08-01,Interference With Public Officer,55,2023,8
2023-08-01,Intimidation,20,2023,8
2023-08-01,Kidnapping,19,2023,8
2023-08-01,Liquor Law Violation,13,2023,8
2023-08-01,Motor Vehicle Theft,2618,2023,8
2023-08-01,Narcotics,470,2023,8
2023-08-01,Obscenity,3,2023,8
2023-08-01,Offense Involving Children,132,2023,8
2023-08-01,Other Offense,1317,2023,8
2023-08-01,Prostitution,13,2023,8
2023-08-01,Public Peace Violation,89,2023,8
2023-08-01,Robbery,1213,2023,8
2023-08-01,Sex Offense,140,2023,8
2023-08-01,Stalking,49,2023,8
2023-08-01,Theft,5429,2023,8
2023-08-01,Weapons Violation,803,2023,8
2023-09-01,All Types,22657,2023,9
2023-09-01,Arson,55,2023,9
2023-09-01,Assault,2056,2023,9
2023-09-01,Battery,3971,2023,9
2023-09-01,Burglary,640,2023,9
2023-09-01,Concealed Carry License Violation,16,2023,9
2023-09-01,Criminal Damage,2529,2023,9
2023-09-01,Criminal Sexual Assault,147,2023,9
2023-09-01,Criminal Trespass,381,2023,9
2023-09-01,Deceptive Practice,1403,2023,9
2023-09-01,Gambling,4,2023,9
2023-09-01,Homicide,48,2023,9
2023-09-01,Interference With Public Officer,60,2023,9
2023-09-01,Intimidation,16,2023,9
2023-09-01,Kidnapping,10,2023,9
2023-09-01,Liquor Law Violation,13,2023,9
2023-09-01,Motor Vehicle Theft,2339,2023,9
2023-09-01,Narcotics,408,2023,9
2023-09-01,Obscenity,3,2023,9
2023-09-01,Offense Involving Children,152,2023,9
2023-09-01,Other Offense,1285,2023,9
2023-09-01,Prostitution,32,2023,9
2023-09-01,Public Peace Violation,78,2023,9
2023-09-01,Robbery,1144,2023,9
2023-09-01,Sex Offense,135,2023,9
2023-09-01,Stalking,54,2023,9
2023-09-01,Theft,4955,2023,9
2023-09-01,Weapons Violation,723,2023,9
2023-10-01,All Types,23104,2023,10
2023-10-01,Arson,43,2023,10
2023-10-01,Assault,1985,2023,10
2023-10-01,Battery,3855,2023,10
2023-10-01,Burglary,654,2023,10
2023-10-01,Concealed Carry License Violation,18,2023,10
2023-10-01,Criminal Damage,2624,2023,10
2023-10-01,Criminal Sexual Assault,149,2023,10
2023-10-01,Criminal Trespass,413,2023,10
2023-10-01,Deceptive Practice,1376,2023,10
2023-10-01,Gambling,3,2023,10
2023-10-01,Homicide,54,2023,10
2023-10-01,Human Trafficking,2,2023,10
2023-10-01,Interference With Public Officer,45,2023,10
2023-10-01,Intimidation,23,2023,10
2023-10-01,Kidnapping,8,2023,10
2023-10-01,Liquor Law Violation,14,2023,10
2023-10-01,Motor Vehicle Theft,2569,2023,10
2023-10-01,Narcotics,451,2023,10
2023-10-01,Obscenity,5,2023,10
2023-10-01,Offense Involving Children,128,2023,10
2023-10-01,Other Offense,1336,2023,10
2023-10-01,Prostitution,4,2023,10
2023-10-01,Public Peace Violation,86,2023,10
2023-10-01,Robbery,1208,2023,10
2023-10-01,Sex Offense,107,2023,10
2023-10-01,Stalking,48,2023,10
2023-10-01,Theft,5216,2023,10
2023-10-01,Weapons Violation,680,2023,10
2023-11-01,All Types,21434,2023,11
2023-11-01,Arson,38,2023,11
2023-11-01,Assault,1797,2023,11
2023-11-01,Battery,3486,2023,11
2023-11-01,Burglary,681,2023,11
2023-11-01,Concealed Carry License Violation,17,2023,11
2023-11-01,Criminal Damage,2426,2023,11
2023-11-01,Criminal Sexual Assault,146,2023,11
2023-11-01,Criminal Trespass,415,2023,11
2023-11-01,Deceptive Practice,1317,2023,11
2023-11-01,Homicide,56,2023,11
2023-11-01,Human Trafficking,2,2023,11
2023-11-01,Interference With Public Officer,52,2023,11
2023-11-01,Intimidation,15,2023,11
2023-11-01,Kidnapping,12,2023,11
2023-11-01,Liquor Law Violation,14,2023,11
2023-11-01,Motor Vehicle Theft,2274,2023,11
2023-11-01,Narcotics,493,2023,11
2023-11-01,Non-Criminal,1,2023,11
2023-11-01,Obscenity,1,2023,11
2023-11-01,Offense Involving Children,150,2023,11
2023-11-01,Other Offense,1346,2023,11
2023-11-01,Prostitution,9,2023,11
2023-11-01,Public Indecency,1,2023,11
2023-11-01,Public Peace Violation,60,2023,11
2023-11-01,Robbery,1016,2023,11
2023-11-01,Sex Offense,101,2023,11
2023-11-01,Stalking,42,2023,11
2023-11-01,Theft,4812,2023,11
2023-11-01,Weapons Violation,654,2023,11
2023-12-01,All Types,21332,2023,12
2023-12-01,Arson,48,2023,12
2023-12-01,Assault,1790,2023,12
2023-12-01,Battery,3529,2023,12
2023-12-01,Burglary,622,2023,12
2023-12-01,Concealed Carry License Violation,19,2023,12
2023-12-01,Criminal Damage,2451,2023,12
2023-12-01,Criminal Sexual Assault,105,2023,12
2023-12-01,Criminal Trespass,383,2023,12
2023-12-01,Deceptive Practice,1336,2023,12
2023-12-01,Gambling,1,2023,12
2023-12-01,Homicide,39,2023,12
2023-12-01,Interference With Public Officer,48,2023,12
2023-12-01,Intimidation,7,2023,12
2023-12-01,Kidnapping,9,2023,12
2023-12-01,Liquor Law Violation,17,2023,12
2023-12-01,Motor Vehicle Theft,2212,2023,12
2023-12-01,Narcotics,445,2023,12
2023-12-01,Obscenity,6,2023,12
2023-12-01,Offense Involving Children,129,2023,12
2023-12-01,Other Offense,1308,2023,12
2023-12-01,Prostitution,4,2023,12
2023-12-01,Public Indecency,2,2023,12
2023-12-01,Public Peace Violation,61,2023,12
2023-12-01,Robbery,995,2023,12
2023-12-01,Sex Offense,110,2023,12
2023-12-01,Stalking,37,2023,12
2023-12-01,Theft,5067,2023,12
2023-12-01,Weapons Violation,552,2023,12
2024-01-01,All Types,19653,2024,1
2024-01-01,Arson,43,2024,1
2024-01-01,Assault,1729,2024,1
2024-01-01,Battery,3292,2024,1
2024-01-01,Burglary,553,2024,1
2024-01-01,Concealed Carry License Violation,15,2024,1
2024-01-01,Criminal Damage,2107,2024,1
2024-01-01,Criminal Sexual Assault,128,2024,1
2024-01-01,Criminal Trespass,378,2024,1
2024-01-01,Deceptive Practice,1406,2024,1
2024-01-01,Homicide,34,2024,1
2024-01-01,Human Trafficking,2,2024,1
2024-01-01,Interference With Public Officer,49,2024,1
2024-01-01,Intimidation,23,2024,1
2024-01-01,Kidnapping,3,2024,1
2024-01-01,Liquor Law Violation,13,2024,1
2024-01-01,Motor Vehicle Theft,1769,2024,1
2024-01-01,Narcotics,539,2024,1
2024-01-01,Obscenity,7,2024,1
2024-01-01,Offense Involving Children,150,2024,1
2024-01-01,Other Offense,1500,2024,1
2024-01-01,Prostitution,8,2024,1
2024-01-01,Public Peace Violation,45,2024,1
2024-01-01,Robbery,734,2024,1
2024-01-01,Sex Offense,95,2024,1
2024-01-01,Stalking,37,2024,1
2024-01-01,Theft,4379,2024,1
2024-01-01,Weapons Violation,615,2024,1
2024-02-01,All Types,19949,2024,2
2024-02-01,Arson,32,2024,2
2024-02-01,Assault,1736,2024,2
2024-02-01,Battery,3472,2024,2
2024-02-01,Burglary,544,2024,2
2024-02-01,Concealed Carry License Violation,9,2024,2
2024-02-01,Criminal Damage,2189,2024,2
2024-02-01,Criminal Sexual Assault,131,2024,2
2024-02-01,Criminal Trespass,383,2024,2
2024-02-01,Deceptive Practice,1345,2024,2
2024-02-01,Homicide,33,2024,2
2024-02-01,Interference With Public Officer,48,2024,2
2024-02-01,Intimidation,10,2024,2
2024-02-01,Kidnapping,9,2024,2
2024-02-01,Liquor Law Violation,21,2024,2
2024-02-01,Motor Vehicle Theft,1880,2024,2
2024-02-01,Narcotics,560,2024,2
2024-02-01,Obscenity,9,2024,2
2024-02-01,Offense Involving Children,152,2024,2
2024-02-01,Other Offense,1490,2024,2
2024-02-01,Prostitution,26,2024,2
2024-02-01,Public Indecency,1,2024,2
2024-02-01,Public Peace Violation,83,2024,2
2024-02-01,Robbery,669,2024,2
2024-02-01,Sex Offense,104,2024,2
2024-02-01,Stalking,22,2024,2
2024-02-01,Theft,4352,2024,2
2024-02-01,Weapons Violation,639,2024,2
2024-03-01,All Types,20914,2024,3
2024-03-01,Arson,44,2024,3
2024-03-01,Assault,1890,2024,3
2024-03-01,Battery,3689,2024,3
2024-03-01,Burglary,593,2024,3
2024-03-01,Concealed Carry License Violation,13,2024,3
2024-03-01,Criminal Damage,2467,2024,3
2024-03-01,Criminal Sexual Assault,118,2024,3
2024-03-01,Criminal Trespass,403,2024,3
2024-03-01,Deceptive Practice,1363,2024,3
2024-03-01,Gambling,3,2024,3
2024-03-01,Homicide,47,2024,3
2024-03-01,Human Trafficking,1,2024,3
2024-03-01,Interference With Public Officer,64,2024,3
2024-03-01,Intimidation,14,2024,3
2024-03-01,Kidnapping,4,2024,3
2024-03-01,Liquor Law Violation,18,2024,3
2024-03-01,Motor Vehicle Theft,1883,2024,3
2024-03-01,Narcotics,549,2024,3
2024-03-01,Obscenity,4,2024,3
2024-03-01,Offense Involving Children,137,2024,3
2024-03-01,Other Narcotic Violation,1,2024,3
2024-03-01,Other Offense,1450,2024,3
2024-03-01,Prostitution,24,2024,3
2024-03-01,Public Peace Violation,88,2024,3
2024-03-01,Robbery,746,2024,3
2024-03-01,Sex Offense,98,2024,3
2024-03-01,Stalking,46,2024,3
2024-03-01,Theft,4500,2024,3
2024-03-01,Weapons Violation,657,2024,3
2024-04-01,All Types,20491,2024,4
2024-04-01,Arson,34,2024,4
2024-04-01,Assault,1970,2024,4
2024-04-01,Battery,3791,2024,4
2024-04-01,Burglary,601,2024,4
2024-04-01,Concealed Carry License Violation,14,2024,4
2024-04-01,Criminal Damage,2253,2024,4
2024-04-01,Criminal Sexual Assault,119,2024,4
2024-04-01,Criminal Trespass,402,2024,4
2024-04-01,Deceptive Practice,1367,2024,4
2024-04-01,Gambling,2,2024,4
2024-04-01,Homicide,42,2024,4
2024-04-01,Interference With Public Officer,51,2024,4
2024-04-01,Intimidation,7,2024,4
2024-04-01,Kidnapping,8,2024,4
2024-04-01,Liquor Law Violation,19,2024,4
2024-04-01,Motor Vehicle Theft,1656,2024,4
2024-04-01,Narcotics,437,2024,4
2024-04-01,Non-Criminal,1,2024,4
2024-04-01,Obscenity,4,2024,4
2024-04-01,Offense Involving Children,163,2024,4
2024-04-01,Other Offense,1377,2024,4
2024-04-01,Prostitution,10,2024,4
2024-04-01,Public Indecency,1,2024,4
2024-04-01,Public Peace Violation,65,2024,4
2024-04-01,Robbery,720,2024,4
2024-04-01,Sex Offense,126,2024,4
2024-04-01,Stalking,34,2024,4
2024-04-01,Theft,4550,2024,4
2024-04-01,Weapons Violation,667,2024,4
2024-05-01,All Types,22992,2024,5
2024-05-01,Arson,48,2024,5
2024-05-01,Assault,2293,2024,5
2024-05-01,Battery,4453,2024,5
2024-05-01,Burglary,765,2024,5
2024-05-01,Concealed Carry License Violation,17,2024,5
2024-05-01,Criminal Damage,2405,2024,5
2024-05-01,Criminal Sexual Assault,132,2024,5
2024-05-01,Criminal Trespass,398,2024,5
2024-05-01,Deceptive Practice,1461,2024,5
2024-05-01,Gambling,2,2024,5
2024-05-01,Homicide,58,2024,5
2024-05-01,Interference With Public Officer,61,2024,5
2024-05-01,Intimidation,14,2024,5
2024-05-01,Kidnapping,10,2024,5
2024-05-01,Liquor Law Violation,14,2024,5
2024-05-01,Motor Vehicle Theft,1810,2024,5
2024-05-01,Narcotics,429,2024,5
2024-05-01,Obscenity,3,2024,5
2024-05-01,Offense Involving Children,177,2024,5
2024-05-01,Other Offense,1505,2024,5
2024-05-01,Prostitution,26,2024,5
2024-05-01,Public Indecency,2,2024,5
2024-05-01,Public Peace Violation,74,2024,5
2024-05-01,Robbery,777,2024,5
2024-05-01,Sex Offense,127,2024,5
2024-05-01,Stalking,45,2024,5
2024-05-01,Theft,5201,2024,5
2024-05-01,Weapons Violation,685,2024,5
2024-06-01,All Types,23206,2024,6
2024-06-01,Arson,49,2024,6
2024-06-01,Assault,2080,2024,6
2024-06-01,Battery,4296,2024,6
2024-06-01,Burglary,627,2024,6
2024-06-01,Concealed Carry License Violation,22,2024,6
2024-06-01,Criminal Damage,2577,2024,6
2024-06-01,Criminal Sexual Assault,150,2024,6
2024-06-01,Criminal Trespass,396,2024,6
2024-06-01,Deceptive Practice,1422,2024,6
2024-06-01,Gambling,1,2024,6
2024-06-01,Homicide,67,2024,6
2024-06-01,Human Trafficking,1,2024,6
2024-06-01,Interference With Public Officer,50,2024,6
2024-06-01,Intimidation,14,2024,6
2024-06-01,Kidnapping,10,2024,6
2024-06-01,Liquor Law Violation,13,2024,6
2024-06-01,Motor Vehicle Theft,2046,2024,6
2024-06-01,Narcotics,446,2024,6
2024-06-01,Obscenity,3,2024,6
2024-06-01,Offense Involving Children,157,2024,6
2024-06-01,Other Offense,1413,2024,6
2024-06-01,Prostitution,31,2024,6
2024-06-01,Public Peace Violation,111,2024,6
2024-06-01,Robbery,820,2024,6
2024-06-01,Sex Offense,108,2024,6
2024-06-01,Stalking,42,2024,6
2024-06-01,Theft,5490,2024,6
2024-06-01,Weapons Violation,764,2024,6
2024-07-01,All Types,24100,2024,7
2024-07-01,Arson,36,2024,7
2024-07-01,Assault,2126,2024,7
2024-07-01,Battery,4142,2024,7
2024-07-01,Burglary,764,2024,7
2024-07-01,Concealed Carry License Violation,25,2024,7
2024-07-01,Criminal Damage,2600,2024,7
2024-07-01,Criminal Sexual Assault,150,2024,7
2024-07-01,Criminal Trespass,449,2024,7
2024-07-01,Deceptive Practice,1368,2024,7
2024-07-01,Gambling,2,2024,7
2024-07-01,Homicide,70,2024,7
2024-07-01,Human Trafficking,2,2024,7
2024-07-01,Interference With Public Officer,74,2024,7
2024-07-01,Intimidation,14,2024,7
2024-07-01,Kidnapping,5,2024,7
2024-07-01,Liquor Law Violation,17,2024,7
2024-07-01,Motor Vehicle Theft,1978,2024,7
2024-07-01,Narcotics,540,2024,7
2024-07-01,Obscenity,6,2024,7
2024-07-01,Offense Involving Children,130,2024,7
2024-07-01,Other Narcotic Violation,1,2024,7
2024-07-01,Other Offense,1460,2024,7
2024-07-01,Prostitution,33,2024,7
2024-07-01,Public Indecency,1,2024,7
2024-07-01,Public Peace Violation,101,2024,7
2024-07-01,Robbery,884,2024,7
2024-07-01,Sex Offense,121,2024,7
2024-07-01,Stalking,47,2024,7
2024-07-01,Theft,6067,2024,7
2024-07-01,Weapons Violation,887,2024,7
2024-08-01,All Types,23001,2024,8
2024-08-01,Arson,47,2024,8
2024-08-01,Assault,2042,2024,8
2024-08-01,Battery,3905,2024,8
2024-08-01,Burglary,765,2024,8
2024-08-01,Concealed Carry License Violation,19,2024,8
2024-08-01,Criminal Damage,2591,2024,8
2024-08-01,Criminal Sexual Assault,182,2024,8
2024-08-01,Criminal Trespass,442,2024,8
2024-08-01,Deceptive Practice,1402,2024,8
2024-08-01,Gambling,2,2024,8
2024-08-01,Homicide,57,2024,8
2024-08-01,Human Trafficking,1,2024,8
2024-08-01,Interference With Public Officer,61,2024,8
2024-08-01,Intimidation,15,2024,8
2024-08-01,Kidnapping,7,2024,8
2024-08-01,Liquor Law Violation,14,2024,8
2024-08-01,Motor Vehicle Theft,2013,2024,8
2024-08-01,Narcotics,445,2024,8
2024-08-01,Non-Criminal,1,2024,8
2024-08-01,Obscenity,3,2024,8
2024-08-01,Offense Involving Children,110,2024,8
2024-08-01,Other Narcotic Violation,2,2024,8
2024-08-01,Other Offense,1331,2024,8
2024-08-01,Prostitution,28,2024,8
2024-08-01,Public Peace Violation,120,2024,8
2024-08-01,Robbery,769,2024,8
2024-08-01,Sex Offense,96,2024,8
2024-08-01,Stalking,48,2024,8
2024-08-01,Theft,5723,2024,8
2024-08-01,Weapons Violation,760,2024,8
2024-09-01,All Types,22982,2024,9
2024-09-01,Arson,45,2024,9
2024-09-01,Assault,2125,2024,9
2024-09-01,Battery,4168,2024,9
2024-09-01,Burglary,840,2024,9
2024-09-01,Concealed Carry License Violation,16,2024,9
2024-09-01,Criminal Damage,2511,2024,9
2024-09-01,Criminal Sexual Assault,141,2024,9
2024-09-01,Criminal Trespass,407,2024,9
2024-09-01,Deceptive Practice,1334,2024,9
2024-09-01,Gambling,4,2024,9
2024-09-01,Homicide,49,2024,9
2024-09-01,Human Trafficking,4,2024,9
2024-09-01,Interference With Public Officer,60,2024,9
2024-09-01,Intimidation,15,2024,9
2024-09-01,Kidnapping,13,2024,9
2024-09-01,Liquor Law Violation,24,2024,9
2024-09-01,Motor Vehicle Theft,1871,2024,9
2024-09-01,Narcotics,431,2024,9
2024-09-01,Non-Criminal,1,2024,9
2024-09-01,Obscenity,5,2024,9
2024-09-01,Offense Involving Children,148,2024,9
2024-09-01,Other Narcotic Violation,1,2024,9
2024-09-01,Other Offense,1597,2024,9
2024-09-01,Prostitution,29,2024,9
2024-09-01,Public Peace Violation,98,2024,9
2024-09-01,Robbery,773,2024,9
2024-09-01,Sex Offense,108,2024,9
2024-09-01,Stalking,53,2024,9
2024-09-01,Theft,5388,2024,9
2024-09-01,Weapons Violation,723,2024,9
2024-10-01,All Types,22492,2024,10
2024-10-01,Arson,41,2024,10
2024-10-01,Assault,2144,2024,10
2024-10-01,Battery,3935,2024,10
2024-10-01,Burglary,839,2024,10
2024-10-01,Concealed Carry License Violation,20,2024,10
2024-10-01,Criminal Damage,2499,2024,10
2024-10-01,Criminal Sexual Assault,117,2024,10
2024-10-01,Criminal Trespass,461,2024,10
2024-10-01,Deceptive Practice,1378,2024,10
2024-10-01,Gambling,2,2024,10
2024-10-01,Homicide,60,2024,10
2024-10-01,Human Trafficking,1,2024,10
2024-10-01,Interference With Public Officer,60,2024,10
2024-10-01,Intimidation,12,2024,10
2024-10-01,Kidnapping,8,2024,10
2024-10-01,Liquor Law Violation,14,2024,10
2024-10-01,Motor Vehicle Theft,1755,2024,10
2024-10-01,Narcotics,508,2024,10
2024-10-01,Obscenity,9,2024,10
2024-10-01,Offense Involving Children,124,2024,10
2024-10-01,Other Offense,1392,2024,10
2024-10-01,Prostitution,34,2024,10
2024-10-01,Public Indecency,3,2024,10
2024-10-01,Public Peace Violation,83,2024,10
2024-10-01,Robbery,771,2024,10
2024-10-01,Sex Offense,105,2024,10
2024-10-01,Stalking,48,2024,10
2024-10-01,Theft,5512,2024,10
2024-10-01,Weapons Violation,557,2024,10
2024-11-01,All Types,19734,2024,11
2024-11-01,Arson,32,2024,11
2024-11-01,Assault,1718,2024,11
2024-11-01,Battery,3455,2024,11
2024-11-01,Burglary,759,2024,11
2024-11-01,Concealed Carry License Violation,12,2024,11
2024-11-01,Criminal Damage,2191,2024,11
2024-11-01,Criminal Sexual Assault,124,2024,11
2024-11-01,Criminal Trespass,402,2024,11
2024-11-01,Deceptive Practice,1260,2024,11
2024-11-01,Gambling,2,2024,11
2024-11-01,Homicide,39,2024,11
2024-11-01,Human Trafficking,6,2024,11
2024-11-01,Interference With Public Officer,65,2024,11
2024-11-01,Intimidation,18,2024,11
2024-11-01,Kidnapping,11,2024,11
2024-11-01,Liquor Law Violation,15,2024,11
2024-11-01,Motor Vehicle Theft,1567,2024,11
2024-11-01,Narcotics,573,2024,11
2024-11-01,Obscenity,5,2024,11
2024-11-01,Offense Involving Children,127,2024,11
2024-11-01,Other Offense,1270,2024,11
2024-11-01,Prostitution,34,2024,11
2024-11-01,Public Peace Violation,56,2024,11
2024-11-01,Robbery,757,2024,11
2024-11-01,Sex Offense,89,2024,11
2024-11-01,Stalking,51,2024,11
2024-11-01,Theft,4693,2024,11
2024-11-01,Weapons Violation,403,2024,11
2024-12-01,All Types,19605,2024,12
2024-12-01,Arson,30,2024,12
2024-12-01,Assault,1629,2024,12
2024-12-01,Battery,3550,2024,12
2024-12-01,Burglary,781,2024,12
2024-12-01,Concealed Carry License Violation,14,2024,12
2024-12-01,Criminal Damage,2164,2024,12
2024-12-01,Criminal Sexual Assault,124,2024,12
2024-12-01,Criminal Trespass,429,2024,12
2024-12-01,Deceptive Practice,1214,2024,12
2024-12-01,Gambling,2,2024,12
2024-12-01,Homicide,42,2024,12
2024-12-01,Human Trafficking,1,2024,12
2024-12-01,Interference With Public Officer,48,2024,12
2024-12-01,Intimidation,8,2024,12
2024-12-01,Kidnapping,9,2024,12
2024-12-01,Liquor Law Violation,14,2024,12
2024-12-01,Motor Vehicle Theft,1483,2024,12
2024-12-01,Narcotics,533,2024,12
2024-12-01,Obscenity,4,2024,12
2024-12-01,Offense Involving Children,117,2024,12
2024-12-01,Other Offense,1346,2024,12
2024-12-01,Prostitution,24,2024,12
2024-12-01,Public Indecency,1,2024,12
2024-12-01,Public Peace Violation,55,2024,12
2024-12-01,Robbery,690,2024,12
2024-12-01,Sex Offense,81,2024,12
2024-12-01,Stalking,43,2024,12
2024-12-01,Theft,4687,2024,12
2024-12-01,Weapons Violation,482,2024,12
2025-01-01,All Types,18510,2025,1
2025-01-01,Arson,32,2025,1
2025-01-01,Assault,1537,2025,1
2025-01-01,Battery,3043,2025,1
2025-01-01,Burglary,640,2025,1
2025-01-01,Concealed Carry License Violation,25,2025,1
2025-01-01,Criminal Damage,1787,2025,1
2025-01-01,Criminal Sexual Assault,130,2025,1
2025-01-01,Criminal Trespass,414,2025,1
2025-01-01,Deceptive Practice,1320,2025,1
2025-01-01,Homicide,42,2025,1
2025-01-01,Human Trafficking,2,2025,1
2025-01-01,Interference With Public Officer,92,2025,1
2025-01-01,Intimidation,10,2025,1
2025-01-01,Kidnapping,6,2025,1
2025-01-01,Liquor Law Violation,18,2025,1
2025-01-01,Motor Vehicle Theft,1334,2025,1
2025-01-01,Narcotics,791,2025,1
2025-01-01,Non-Criminal,2,2025,1
2025-01-01,Obscenity,4,2025,1
2025-01-01,Offense Involving Children,133,2025,1
2025-01-01,Other Offense,1567,2025,1
2025-01-01,Prostitution,13,2025,1
2025-01-01,Public Indecency,2,2025,1
2025-01-01,Public Peace Violation,72,2025,1
2025-01-01,Robbery,542,2025,1
2025-01-01,Sex Offense,122,2025,1
2025-01-01,Stalking,45,2025,1
2025-01-01,Theft,4315,2025,1
2025-01-01,Weapons Violation,470,2025,1
2025-02-01,All Types,16530,2025,2
2025-02-01,Arson,29,2025,2
2025-02-01,Assault,1436,2025,2
2025-02-01,Battery,2773,2025,2
2025-02-01,Burglary,521,2025,2
2025-02-01,Concealed Carry License Violation,25,2025,2
2025-02-01,Criminal Damage,1534,2025,2
2025-02-01,Criminal Sexual Assault,106,2025,2
2025-02-01,Criminal Trespass,388,2025,2
2025-02-01,Deceptive Practice,1302,2025,2
2025-02-01,Homicide,21,2025,2
2025-02-01,Interference With Public Officer,68,2025,2
2025-02-01,Intimidation,7,2025,2
2025-02-01,Kidnapping,8,2025,2
2025-02-01,Liquor Law Violation,16,2025,2
2025-02-01,Motor Vehicle Theft,1155,2025,2
2025-02-01,Narcotics,735,2025,2
2025-02-01,Obscenity,4,2025,2
2025-02-01,Offense Involving Children,118,2025,2
2025-02-01,Other Narcotic Violation,3,2025,2
2025-02-01,Other Offense,1320,2025,2
2025-02-01,Prostitution,14,2025,2
2025-02-01,Public Indecency,2,2025,2
2025-02-01,Public Peace Violation,84,2025,2
2025-02-01,Robbery,405,2025,2
2025-02-01,Sex Offense,89,2025,2
2025-02-01,Stalking,36,2025,2
2025-02-01,Theft,3935,2025,2
2025-02-01,Weapons Violation,396,2025,2
2025-03-01,All Types,19774,2025,3
2025-03-01,Arson,35,2025,3
2025-03-01,Assault,1753,2025,3
2025-03-01,Battery,3587,2025,3
2025-03-01,Burglary,599,2025,3
2025-03-01,Concealed Carry License Violation,35,2025,3
2025-03-01,Criminal Damage,2161,2025,3
2025-03-01,Criminal Sexual Assault,153,2025,3
2025-03-01,Criminal Trespass,475,2025,3
2025-03-01,Deceptive Practice,1413,2025,3
2025-03-01,Homicide,37,2025,3
2025-03-01,Human Trafficking,1,2025,3
2025-03-01,Interference With Public Officer,81,2025,3
2025-03-01,Intimidation,9,2025,3
2025-03-01,Kidnapping,10,2025,3
2025-03-01,Liquor Law Violation,17,2025,3
2025-03-01,Motor Vehicle Theft,1289,2025,3
2025-03-01,Narcotics,711,2025,3
2025-03-01,Obscenity,5,2025,3
2025-03-01,Offense Involving Children,136,2025,3
2025-03-01,Other Offense,1503,2025,3
2025-03-01,Prostitution,12,2025,3
2025-03-01,Public Indecency,1,2025,3
2025-03-01,Public Peace Violation,88,2025,3
2025-03-01,Robbery,436,2025,3
2025-03-01,Sex Offense,119,2025,3
2025-03-01,Stalking,30,2025,3
2025-03-01,Theft,4543,2025,3
2025-03-01,Weapons Violation,535,2025,3
2025-04-01,All Types,19653,2025,4
2025-04-01,Arson,39,2025,4
2025-04-01,Assault,1925,2025,4
2025-04-01,Battery,3518,2025,4
2025-04-01,Burglary,712,2025,4
2025-04-01,Concealed Carry License Violation,26,2025,4
2025-04-01,Criminal Damage,2243,2025,4
2025-04-01,Criminal Sexual Assault,145,2025,4
2025-04-01,Criminal Trespass,413,2025,4
2025-04-01,Deceptive Practice,1227,2025,4
2025-04-01,Gambling,2,2025,4
2025-04-01,Homicide,23,2025,4
2025-04-01,Human Trafficking,1,2025,4
2025-04-01,Interference With Public Officer,80,2025,4
2025-04-01,Intimidation,13,2025,4
2025-04-01,Kidnapping,10,2025,4
2025-04-01,Liquor Law Violation,20,2025,4
2025-04-01,Motor Vehicle Theft,1329,2025,4
2025-04-01,Narcotics,645,2025,4
2025-04-01,Obscenity,3,2025,4
2025-04-01,Offense Involving Children,148,2025,4
2025-04-01,Other Offense,1498,2025,4
2025-04-01,Prostitution,12,2025,4
2025-04-01,Public Peace Violation,77,2025,4
2025-04-01,Robbery,423,2025,4
2025-04-01,Sex Offense,110,2025,4
2025-04-01,Stalking,63,2025,4
2025-04-01,Theft,4495,2025,4
2025-04-01,Weapons Violation,453,2025,4
2025-05-01,All Types,20492,2025,5
2025-05-01,Arson,28,2025,5
2025-05-01,Assault,1964,2025,5
2025-05-01,Battery,3772,2025,5
2025-05-01,Burglary,736,2025,5
2025-05-01,Concealed Carry License Violation,22,2025,5
2025-05-01,Criminal Damage,2172,2025,5
2025-05-01,Criminal Sexual Assault,134,2025,5
2025-05-01,Criminal Trespass,424,2025,5
2025-05-01,Deceptive Practice,1264,2025,5
2025-05-01,Gambling,3,2025,5
2025-05-01,Homicide,37,2025,5
2025-05-01,Human Trafficking,1,2025,5
2025-05-01,Interference With Public Officer,77,2025,5
2025-05-01,Intimidation,13,2025,5
2025-05-01,Kidnapping,9,2025,5
2025-05-01,Liquor Law Violation,17,2025,5
2025-05-01,Motor Vehicle Theft,1427,2025,5
2025-05-01,Narcotics,661,2025,5
2025-05-01,Non-Criminal,1,2025,5
2025-05-01,Obscenity,4,2025,5
2025-05-01,Offense Involving Children,158,2025,5
2025-05-01,Other Narcotic Violation,1,2025,5
2025-05-01,Other Offense,1452,2025,5
2025-05-01,Prostitution,12,2025,5
2025-05-01,Public Indecency,1,2025,5
2025-05-01,Public Peace Violation,88,2025,5
2025-05-01,Robbery,537,2025,5
2025-05-01,Sex Offense,119,2025,5
2025-05-01,Stalking,50,2025,5
2025-05-01,Theft,4804,2025,5
2025-05-01,Weapons Violation,504,2025,5
2025-06-01,All Types,21108,2025,6
2025-06-01,Arson,29,2025,6
2025-06-01,Assault,1989,2025,6
2025-06-01,Battery,4055,2025,6
2025-06-01,Burglary,878,2025,6
2025-06-01,Concealed Carry License Violation,29,2025,6
2025-06-01,Criminal Damage,2472,2025,6
2025-06-01,Criminal Sexual Assault,149,2025,6
2025-06-01,Criminal Trespass,403,2025,6
2025-06-01,Deceptive Practice,1209,2025,6
2025-06-01,Gambling,1,2025,6
2025-06-01,Homicide,43,2025,6
2025-06-01,Human Trafficking,1,2025,6
2025-06-01,Interference With Public Officer,68,2025,6
2025-06-01,Intimidation,5,2025,6
2025-06-01,Kidnapping,7,2025,6
2025-06-01,Liquor Law Violation,11,2025,6
2025-06-01,Motor Vehicle Theft,1503,2025,6
2025-06-01,Narcotics,488,2025,6
2025-06-01,Obscenity,7,2025,6
2025-06-01,Offense Involving Children,132,2025,6
2025-06-01,Other Narcotic Violation,2,2025,6
2025-06-01,Other Offense,1277,2025,6
2025-06-01,Prostitution,5,2025,6
2025-06-01,Public Indecency,1,2025,6
2025-06-01,Public Peace Violation,115,2025,6
2025-06-01,Robbery,615,2025,6
2025-06-01,Sex Offense,133,2025,6
2025-06-01,Stalking,44,2025,6
2025-06-01,Theft,4939,2025,6
2025-06-01,Weapons Violation,498,2025,6
2025-07-01,All Types,22651,2025,7
2025-07-01,Arson,37,2025,7
2025-07-01,Assault,2040,2025,7
2025-07-01,Battery,3995,2025,7
2025-07-01,Burglary,952,2025,7
2025-07-01,Concealed Carry License Violation,26,2025,7
2025-07-01,Criminal Damage,2580,2025,7
2025-07-01,Criminal Sexual Assault,147,2025,7
2025-07-01,Criminal Trespass,501,2025,7
2025-07-01,Deceptive Practice,1387,2025,7
2025-07-01,Gambling,1,2025,7
2025-07-01,Homicide,45,2025,7
2025-07-01,Human Trafficking,1,2025,7
2025-07-01,Interference With Public Officer,92,2025,7
2025-07-01,Intimidation,13,2025,7
2025-07-01,Kidnapping,5,2025,7
2025-07-01,Liquor Law Violation,15,2025,7
2025-07-01,Motor Vehicle Theft,1669,2025,7
2025-07-01,Narcotics,628,2025,7
2025-07-01,Obscenity,3,2025,7
2025-07-01,Offense Involving Children,140,2025,7
2025-07-01,Other Narcotic Violation,1,2025,7
2025-07-01,Other Offense,1460,2025,7
2025-07-01,Prostitution,29,2025,7
2025-07-01,Public Peace Violation,109,2025,7
2025-07-01,Robbery,568,2025,7
2025-07-01,Sex Offense,125,2025,7
2025-07-01,Stalking,53,2025,7
2025-07-01,Theft,5402,2025,7
2025-07-01,Weapons Violation,627,2025,7
2025-08-01,All Types,21323,2025,8
2025-08-01,Arson,35,2025,8
2025-08-01,Assault,1967,2025,8
2025-08-01,Battery,3941,2025,8
2025-08-01,Burglary,954,2025,8
2025-08-01,Concealed Carry License Violation,16,2025,8
2025-08-01,Criminal Damage,2365,2025,8
2025-08-01,Criminal Sexual Assault,172,2025,8
2025-08-01,Criminal Trespass,473,2025,8
2025-08-01,Deceptive Practice,1289,2025,8
2025-08-01,Gambling,3,2025,8
2025-08-01,Homicide,46,2025,8
2025-08-01,Human Trafficking,1,2025,8
2025-08-01,Interference With Public Officer,79,2025,8
2025-08-01,Intimidation,16,2025,8
2025-08-01,Kidnapping,8,2025,8
2025-08-01,Liquor Law Violation,22,2025,8
2025-08-01,Motor Vehicle Theft,1553,2025,8
2025-08-01,Narcotics,605,2025,8
2025-08-01,Obscenity,4,2025,8
2025-08-01,Offense Involving Children,132,2025,8
2025-08-01,Other Narcotic Violation,1,2025,8
2025-08-01,Other Offense,1362,2025,8
2025-08-01,Prostitution,33,2025,8
2025-08-01,Public Peace Violation,103,2025,8
2025-08-01,Robbery,567,2025,8
2025-08-01,Sex Offense,91,2025,8
2025-08-01,Stalking,39,2025,8
2025-08-01,Theft,4992,2025,8
2025-08-01,Weapons Violation,454,2025,8
2025-09-01,All Types,20330,2025,9
2025-09-01,Arson,21,2025,9
2025-09-01,Assault,1974,2025,9
2025-09-01,Battery,3795,2025,9
2025-09-01,Burglary,991,2025,9
2025-09-01,Concealed Carry License Violation,18,2025,9
2025-09-01,Criminal Damage,2294,2025,9
2025-09-01,Criminal Sexual Assault,131,2025,9
2025-09-01,Criminal Trespass,447,2025,9
2025-09-01,Deceptive Practice,1236,2025,9
2025-09-01,Gambling,1,2025,9
2025-09-01,Homicide,44,2025,9
2025-09-01,Human Trafficking,1,2025,9
2025-09-01,Interference With Public Officer,77,2025,9
2025-09-01,Intimidation,12,2025,9
2025-09-01,Kidnapping,6,2025,9
2025-09-01,Liquor Law Violation,18,2025,9
2025-09-01,Motor Vehicle Theft,1383,2025,9
2025-09-01,Narcotics,550,2025,9
2025-09-01,Obscenity,6,2025,9
2025-09-01,Offense Involving Children,113,2025,9
2025-09-01,Other Narcotic Violation,1,2025,9
2025-09-01,Other Offense,1467,2025,9
2025-09-01,Prostitution,15,2025,9
2025-09-01,Public Peace Violation,90,2025,9
2025-09-01,Robbery,445,2025,9
2025-09-01,Sex Offense,105,2025,9
2025-09-01,Stalking,61,2025,9
2025-09-01,Theft,4543,2025,9
2025-09-01,Weapons Violation,485,2025,9
2025-10-01,All Types,20962,2025,10
2025-10-01,Arson,26,2025,10
2025-10-01,Assault,1890,2025,10
2025-10-01,Battery,3635,2025,10
2025-10-01,Burglary,1062,2025,10
2025-10-01,Concealed Carry License Violation,16,2025,10
2025-10-01,Criminal Damage,2427,2025,10
2025-10-01,Criminal Sexual Assault,148,2025,10
2025-10-01,Criminal Trespass,507,2025,10
2025-10-01,Deceptive Practice,1226,2025,10
2025-10-01,Homicide,35,2025,10
2025-10-01,Human Trafficking,1,2025,10
2025-10-01,Interference With Public Officer,70,2025,10
2025-10-01,Intimidation,13,2025,10
2025-10-01,Kidnapping,3,2025,10
2025-10-01,Liquor Law Violation,20,2025,10
2025-10-01,Motor Vehicle Theft,1731,2025,10
2025-10-01,Narcotics,637,2025,10
2025-10-01,Obscenity,7,2025,10
2025-10-01,Offense Involving Children,125,2025,10
2025-10-01,Other Offense,1458,2025,10
2025-10-01,Prostitution,27,2025,10
2025-10-01,Public Indecency,1,2025,10
2025-10-01,Public Peace Violation,90,2025,10
2025-10-01,Robbery,437,2025,10
2025-10-01,Sex Offense,114,2025,10
2025-10-01,Stalking,64,2025,10
2025-10-01,Theft,4789,2025,10
2025-10-01,Weapons Violation,403,2025,10
2025-11-01,All Types,18392,2025,11
2025-11-01,Arson,34,2025,11
2025-11-01,Assault,1635,2025,11
2025-11-01,Battery,3402,2025,11
2025-11-01,Burglary,815,2025,11
2025-11-01,Concealed Carry License Violation,19,2025,11
2025-11-01,Criminal Damage,2194,2025,11
2025-11-01,Criminal Sexual Assault,124,2025,11
2025-11-01,Criminal Trespass,434,2025,11
2025-11-01,Deceptive Practice,1049,2025,11
2025-11-01,Gambling,2,2025,11
2025-11-01,Homicide,33,2025,11
2025-11-01,Human Trafficking,1,2025,11
2025-11-01,Interference With Public Officer,73,2025,11
2025-11-01,Intimidation,14,2025,11
2025-11-01,Kidnapping,8,2025,11
2025-11-01,Liquor Law Violation,10,2025,11
2025-11-01,Motor Vehicle Theft,1421,2025,11
2025-11-01,Narcotics,498,2025,11
2025-11-01,Obscenity,2,2025,11
2025-11-01,Offense Involving Children,108,2025,11
2025-11-01,Other Narcotic Violation,1,2025,11
2025-11-01,Other Offense,1234,2025,11
2025-11-01,Prostitution,16,2025,11
2025-11-01,Public Indecency,2,2025,11
2025-11-01,Public Peace Violation,77,2025,11
2025-11-01,Robbery,450,2025,11
2025-11-01,Sex Offense,113,2025,11
2025-11-01,Stalking,51,2025,11
2025-11-01,Theft,4229,2025,11
2025-11-01,Weapons Violation,343,2025,11
2025-12-01,All Types,17462,2025,12
2025-12-01,Arson,29,2025,12
2025-12-01,Assault,1469,2025,12
2025-12-01,Battery,3051,2025,12
2025-12-01,Burglary,869,2025,12
2025-12-01,Concealed Carry License Violation,20,2025,12
2025-12-01,Criminal Damage,1993,2025,12
2025-12-01,Criminal Sexual Assault,133,2025,12
2025-12-01,Criminal Trespass,442,2025,12
2025-12-01,Deceptive Practice,1095,2025,12
2025-12-01,Homicide,25,2025,12
2025-12-01,Human Trafficking,2,2025,12
2025-12-01,Interference With Public Officer,59,2025,12
2025-12-01,Intimidation,19,2025,12
2025-12-01,Kidnapping,9,2025,12
2025-12-01,Liquor Law Violation,16,2025,12
2025-12-01,Motor Vehicle Theft,1449,2025,12
2025-12-01,Narcotics,468,2025,12
2025-12-01,Obscenity,6,2025,12
2025-12-01,Offense Involving Children,104,2025,12
2025-12-01,Other Offense,1203,2025,12
2025-12-01,Prostitution,1,2025,12
2025-12-01,Public Peace Violation,63,2025,12
2025-12-01,Robbery,386,2025,12
2025-12-01,Sex Offense,89,2025,12
2025-12-01,Stalking,40,2025,12
2025-12-01,Theft,4145,2025,12
2025-12-01,Weapons Violation,277,2025,12
